{
  "particles": {
    "number": {
      "value": 100,
      "density": {
        "enable": false,
        "value_area": 800
      }
    },
    "color": {
      "value": "#5c008e"
    },
    "shape": {
      "type": "image",
      "stroke": {
        "width": 35,
        "color": "#ffffff"
      },
      "polygon": {
        "nb_sides": 5
      },
      "image": {
        "src": "assets/img/particle4.png",
        "width": 220,
        "height": 334
      }
    },
    "opacity": {
      "value": 0.15,
      "random": true,
      "anim": {
        "enable": true,
        "speed": 13,
        "opacity_min": 0.01,
        "sync": true
      }
    },
    "size": {
      "value": 30,
      "random": true,
      "anim": {
        "enable": true,
        "speed": 21,
        "size_min": 4,
        "sync": false
      }
    },
    "line_linked": {
      "enable": true,
      "distance": 230,
      "color": "#673AB7",
      "opacity": 0.54,
      "width": 2.3333333
    },
    "move": {
      "enable": true,
      "speed": 6,
      "direction": "none",
      "random": true,
      "straight": false,
      "out_mode": "out",
      "bounce": false,
      "attract": {
        "enable": true,
        "rotateX": 1600,
        "rotateY": 1800
      }
    }
  },
  "interactivity": {
    "detect_on": "canvas",
    "events": {
      "onhover": {
        "enable": true,
        "mode": "push"
      },
      "onclick": {
        "enable": true,
        "mode": "push"
      },
      "resize": true
    },
    "modes": {
      "grab": {
        "distance": 400,
        "line_linked": {
          "opacity": 1
        }
      },
      "bubble": {
        "distance": 400,
        "size": 140,
        "duration": 2,
        "opacity": 8,
        "speed": 31
      },
      "repulse": {
        "distance": 200,
        "duration": 0.4
      },
      "push": {
        "particles_nb": 4
      },
      "remove": {
        "particles_nb": 2
      }
    }
  },
  "retina_detect": true
}